{
  "mainpage" : "HĒAFODTRAMET",
  "namespace" : {
    "" : 0,
    "BILIÞ" : 6,
    "BILIÞMOTUNG" : 7,
    "BILIÞMŌTUNG" : 7,
    "BRUCEND" : 2,
    "BRŪCEND" : 2,
    "BRUCENDMOTUNG" : 3,
    "BRŪCENDMŌTUNG" : 3,
    "BYSEN" : 10,
    "BYSENGESPREC" : 11,
    "BYSENMOTUNG" : 11,
    "BYSENMŌTUNG" : 11,
    "CATEGORY" : 14,
    "CATEGORY TALK" : 15,
    "FILE" : 6,
    "FILE TALK" : 7,
    "FLOCC" : 14,
    "FLOCCGESPREC" : 15,
    "FLOCCMOTUNG" : 15,
    "FLOCCMŌTUNG" : 15,
    "GADGET" : 2300,
    "GADGET DEFINITION" : 2302,
    "GADGET DEFINITION TALK" : 2303,
    "GADGET TALK" : 2301,
    "GESPREC" : 1,
    "HELP" : 12,
    "HELP TALK" : 13,
    "HELPGESPREC" : 13,
    "HELPMOTUNG" : 13,
    "HELPMŌTUNG" : 13,
    "IMAGE" : 6,
    "IMAGE TALK" : 7,
    "MEDIA" : -2,
    "MEDIAWIKI" : 8,
    "MEDIAWIKI TALK" : 9,
    "MEDIAWIKIMŌTUNG" : 9,
    "MODULE" : 828,
    "MODULE TALK" : 829,
    "MOTUNG" : 1,
    "MŌTUNG" : 1,
    "PROJECT" : 4,
    "PROJECT TALK" : 5,
    "SPECIAL" : -1,
    "SYNDRIG" : -1,
    "TALK" : 1,
    "TEMPLATE" : 10,
    "TEMPLATE TALK" : 11,
    "USER" : 2,
    "USER TALK" : 3,
    "WICIPAEDIA" : 4,
    "WICIPÆDIA" : 4,
    "WICIPǢDIA" : 4,
    "WICIPAEDIAMOTUNG" : 5,
    "WICIPÆDIAMOTUNG" : 5,
    "WICIPǢDIAMŌTUNG" : 5,
    "WIKIPAEDIA" : 4,
    "WIKIPÆDIA" : 4,
    "WIKIPǢDIA" : 4,
    "WIKIPAEDIAMOTUNG" : 5,
    "WIKIPÆDIAMOTUNG" : 5,
    "WIKIPǢDIAMŌTUNG" : 5,
    "WIKIPEDIA" : 4,
    "WIKIPEDIA TALK" : 5,
    "YMELE" : 6,
    "YMELMŌTUNG" : 7,
    "ǷICIPAEDIA" : 4,
    "ǷICIPÆDIA" : 4,
    "ǷICIPǢDIA" : 4,
    "ǷICIPAEDIAMOTUNG" : 5,
    "ǷICIPÆDIAMOTUNG" : 5,
    "ǷICIPǢDIAMŌTUNG" : 5,
    "ǷIKIPAEDIA" : 4,
    "ǷIKIPÆDIA" : 4,
    "ǷIKIPǢDIA" : 4,
    "ǷIKIPAEDIAMOTUNG" : 5,
    "ǷIKIPÆDIAMOTUNG" : 5,
    "ǷIKIPǢDIAMŌTUNG" : 5
  }
}