{
  "mainpage" : "प्रधान पन्ना",
  "namespace" : {
    "" : 0,
    "CATEGORY" : 14,
    "CATEGORY TALK" : 15,
    "FILE" : 6,
    "FILE TALK" : 7,
    "GADGET" : 2300,
    "GADGET DEFINITION" : 2302,
    "GADGET DEFINITION TALK" : 2303,
    "GADGET TALK" : 2301,
    "HELP" : 12,
    "HELP TALK" : 13,
    "IMAGE" : 6,
    "IMAGE TALK" : 7,
    "MEDIA" : -2,
    "MEDIAWIKI" : 8,
    "MEDIAWIKI TALK" : 9,
    "MODULE" : 828,
    "MODULE TALK" : 829,
    "PROJECT" : 4,
    "PROJECT TALK" : 5,
    "SPECIAL" : -1,
    "TALK" : 1,
    "TEMPLATE" : 10,
    "TEMPLATE TALK" : 11,
    "USER" : 2,
    "USER TALK" : 3,
    "WIKIPEDIA" : 4,
    "WIKIPEDIA TALK" : 5,
    "खाँचा" : 10,
    "खाँचा बातचीत" : 11,
    "खास" : -1,
    "फाइल" : 6,
    "फाइल बातचीत" : 7,
    "बातचीत" : 1,
    "मदद" : 12,
    "मदद बातचीत" : 13,
    "मीडिया" : -2,
    "मीडियाविकी" : 8,
    "मीडियाविकी बातचीत" : 9,
    "यूजर" : 2,
    "यूजर बातचीत" : 3,
    "विकिपीडिया" : 4,
    "विकिपीडिया बातचीत" : 5,
    "श्रेणी" : 14,
    "श्रेणी बातचीत" : 15
  }
}