{
  "mainpage" : "آنا صفحه",
  "namespace" : {
    "" : 0,
    "CATEGORY" : 14,
    "CATEGORY TALK" : 15,
    "FILE" : 6,
    "FILE TALK" : 7,
    "GADGET" : 2300,
    "GADGET DEFINITION" : 2302,
    "GADGET DEFINITION TALK" : 2303,
    "GADGET TALK" : 2301,
    "HELP" : 12,
    "HELP TALK" : 13,
    "IMAGE" : 6,
    "IMAGE TALK" : 7,
    "MEDIA" : -2,
    "MEDIAWIKI" : 8,
    "MEDIAWIKI TALK" : 9,
    "MODULE" : 828,
    "MODULE TALK" : 829,
    "PROJECT" : 4,
    "PROJECT TALK" : 5,
    "SPECIAL" : -1,
    "TALK" : 1,
    "TEMPLATE" : 10,
    "TEMPLATE TALK" : 11,
    "USER" : 2,
    "USER TALK" : 3,
    "WIKIPEDIA" : 4,
    "WIKIPEDIA TALK" : 5,
    "آلت" : 2300,
    "آلت آچیقلاماسی" : 2302,
    "آلت آچیقلاماسی دانیشیغی" : 2303,
    "آلت دانیشیغی" : 2301,
    "اؤزل" : -1,
    "ایشلدن" : 2,
    "ایشلدن دانیشیغی" : 3,
    "بؤلمه" : 14,
    "بؤلمه دانیشیغی" : 15,
    "بحث تصویر" : 7,
    "پوْرتال" : 100,
    "پوْرتال دانیشیغی" : 101,
    "تصویر" : 6,
    "دانیشیق" : 1,
    "رسانه" : -2,
    "رسانه‌ای" : -2,
    "شابلون" : 10,
    "شابلون دانیشیغی" : 11,
    "فایل" : 6,
    "فایل دانیشیغی" : 7,
    "کؤمک" : 12,
    "کؤمک دانیشیغی" : 13,
    "ماژول" : 828,
    "ماژول دانیشیغی" : 829,
    "مدیا" : -2,
    "مدیاویکی" : 8,
    "مدیا‌ویکی" : 8,
    "مدیاویکی دانیشیغی" : 9,
    "مدیا‌ویکی دانیشیغی" : 9,
    "ویکی‌پدیا" : 4,
    "ویکی‌پدیا دانیشیغی" : 5
  }
}