{
  "mainpage" : "PORTADA",
  "namespace" : {
    "" : 0,
    "AJUDA" : 12,
    "AJUDA DISCUSSIÓ" : 13,
    "CATEGORIA" : 14,
    "CATEGORIA DISCUSSIÓ" : 15,
    "CATEGORY" : 14,
    "CATEGORY TALK" : 15,
    "DISCUSSIÓ" : 1,
    "DISCUSSION IMATGE" : 7,
    "DISCUSSION MEDIAÒIQUI" : 9,
    "DISCUSSION UTILISATOR" : 3,
    "DISCUTIDA AJUDA" : 13,
    "DISCUTIDA CATEGORIA" : 15,
    "DISCUTIDA IMATGE" : 7,
    "DISCUTIDA MEDIAÒIQUI" : 9,
    "DISCUTIDA MODÈL" : 11,
    "DISCUTIDA UTILISATOR" : 3,
    "ESPECIAL" : -1,
    "FILE" : 6,
    "FILE TALK" : 7,
    "FITXER" : 6,
    "FITXER DISCUSSIÓ" : 7,
    "GADGET" : 2300,
    "GADGET DEFINITION" : 2302,
    "GADGET DEFINITION TALK" : 2303,
    "GADGET TALK" : 2301,
    "HELP" : 12,
    "HELP TALK" : 13,
    "IMAGE" : 6,
    "IMAGE TALK" : 7,
    "IMATGE" : 6,
    "IMATGE DISCUSSIÓ" : 7,
    "MEDIA" : -2,
    "MEDIAÒIQUI" : 8,
    "MEDIAWIKI" : 8,
    "MEDIAWIKI DISCUSSIÓ" : 9,
    "MEDIAWIKI TALK" : 9,
    "MÒDUL" : 828,
    "MÒDUL DISCUSSIÓ" : 829,
    "MODULE" : 828,
    "MODULE TALK" : 829,
    "PLANTILLA" : 10,
    "PLANTILLA DISCUSSIÓ" : 11,
    "PORTAL" : 100,
    "PORTAL DISCUSSIÓ" : 101,
    "PROJECT" : 4,
    "PROJECT TALK" : 5,
    "SPECIAL" : -1,
    "TALK" : 1,
    "TEMA" : 2600,
    "TEMPLATE" : 10,
    "TEMPLATE TALK" : 11,
    "TOPIC" : 2600,
    "USER" : 2,
    "USER TALK" : 3,
    "USUARI" : 2,
    "USUARI DISCUSSIÓ" : 3,
    "USUÀRIA" : 2,
    "USUÀRIA DISCUSSIÓ" : 3,
    "UTILISATOR" : 2,
    "VIQUIPÈDIA" : 4,
    "VIQUIPÈDIA DISCUSSIÓ" : 5,
    "VIQUIPROJECTE" : 102,
    "VIQUIPROJECTE DISCUSSIÓ" : 103,
    "WIKIPEDIA" : 4,
    "WIKIPEDIA TALK" : 5
  }
}