{
  "mainpage" : "ТĔП СТРАНИЦĂ",
  "namespace" : {
    "" : 0,
    "CATEGORY" : 14,
    "CATEGORY TALK" : 15,
    "FILE" : 6,
    "FILE TALK" : 7,
    "GADGET" : 2300,
    "GADGET DEFINITION" : 2302,
    "GADGET DEFINITION TALK" : 2303,
    "GADGET TALK" : 2301,
    "HELP" : 12,
    "HELP TALK" : 13,
    "IMAGE" : 6,
    "IMAGE TALK" : 7,
    "MEDIA" : -2,
    "MEDIAWIKI" : 8,
    "MEDIAWIKI TALK" : 9,
    "MEDIAWIKI СӲТСЕ ЯВМАЛЛИ" : 9,
    "MODULE" : 828,
    "MODULE TALK" : 829,
    "PROJECT" : 4,
    "PROJECT TALK" : 5,
    "SPECIAL" : -1,
    "TALK" : 1,
    "TEMPLATE" : 10,
    "TEMPLATE TALK" : 11,
    "USER" : 2,
    "USER TALK" : 3,
    "WIKIPEDIA" : 4,
    "WIKIPEDIA TALK" : 5,
    "ВИКИПЕДИ" : 4,
    "ВИКИПЕДИ СӲТСЕ ЯВМАЛЛИ" : 5,
    "ГАДЖЕТ" : 2300,
    "ИЗОБРАЖЕНИЕ" : 6,
    "КАТЕГОРИ" : 14,
    "КАТЕГОРИНЕ СӲТСЕ ЯВМАЛЛИ" : 15,
    "МЕДИА" : -2,
    "МОДУЛЬ" : 828,
    "ОБСУЖДЕНИЕ ГАДЖЕТА" : 2301,
    "ОБСУЖДЕНИЕ ИЗОБРАЖЕНИЯ" : 7,
    "ОБСУЖДЕНИЕ МОДУЛЯ" : 829,
    "ОБСУЖДЕНИЕ ОПРЕДЕЛЕНИЯ ГАДЖЕТА" : 2303,
    "ОПРЕДЕЛЕНИЕ ГАДЖЕТА" : 2302,
    "ПУЛĂШĂВА СӲТСЕ ЯВМАЛЛИ" : 13,
    "ПУЛĂШУ" : 12,
    "СӲТСЕ ЯВАССИ" : 1,
    "ӲКЕРЧĔК" : 6,
    "ӲКЕРЧĔКЕ СӲТСЕ ЯВМАЛЛИ" : 7,
    "ХУТШĂНАКАН" : 2,
    "ХУТШĂНАКАНĂН КАНАШЛУ СТРАНИЦИ" : 3,
    "ШАБЛОН" : 10,
    "ШАБЛОНА СӲТСЕ ЯВМАЛЛИ" : 11,
    "ЯТАРЛĂ" : -1
  }
}