{
  "mainpage" : "AZALA",
  "namespace" : {
    "" : 0,
    "APARTEKO" : -1,
    "ATARI" : 100,
    "ATARI EZTABAIDA" : 101,
    "BEREZI" : -1,
    "CATEGORY" : 14,
    "CATEGORY TALK" : 15,
    "EZTABAIDA" : 1,
    "FILE" : 6,
    "FILE TALK" : 7,
    "FITXATEGI" : 6,
    "FITXATEGI EZTABAIDA" : 7,
    "GADGET" : 2300,
    "GADGET DEFINITION" : 2302,
    "GADGET DEFINITION TALK" : 2303,
    "GADGET DEFINIZIO" : 2302,
    "GADGET DEFINIZIO EZTABAIDA" : 2303,
    "GADGET EZTABAIDA" : 2301,
    "GADGET TALK" : 2301,
    "HELP" : 12,
    "HELP TALK" : 13,
    "IMAGE" : 6,
    "IMAGE TALK" : 7,
    "IRUDI" : 6,
    "IRUDI EZTABAIDA" : 7,
    "KATEGORIA" : 14,
    "KATEGORIA EZTABAIDA" : 15,
    "LAGUNTZA" : 12,
    "LAGUNTZA EZTABAIDA" : 13,
    "LANKIDE" : 2,
    "LANKIDE EZTABAIDA" : 3,
    "MEDIA" : -2,
    "MEDIAWIKI" : 8,
    "MEDIAWIKI EZTABAIDA" : 9,
    "MEDIAWIKI TALK" : 9,
    "MODULE" : 828,
    "MODULE TALK" : 829,
    "MODULU" : 828,
    "MODULU EZTABAIDA" : 829,
    "PROJECT" : 4,
    "PROJECT TALK" : 5,
    "SPECIAL" : -1,
    "TALK" : 1,
    "TEMPLATE" : 10,
    "TEMPLATE TALK" : 11,
    "TOPIC" : 2600,
    "TXANTILOI" : 10,
    "TXANTILOI EZTABAIDA" : 11,
    "USER" : 2,
    "USER TALK" : 3,
    "WIKIPEDIA" : 4,
    "WIKIPEDIA EZTABAIDA" : 5,
    "WIKIPEDIA TALK" : 5,
    "WIKIPROIEKTU" : 102,
    "WIKIPROIEKTU EZTABAIDA" : 103
  }
}