{
  "mainpage" : "APE",
  "namespace" : {
    "" : 0,
    "ACCESORIO" : 2300,
    "ACCESORIO DEFINICIÓN" : 2302,
    "ACCESORIO DEFINICIÓN DISCUSIÓN" : 2303,
    "ACCESORIO DISCUSIÓN" : 2301,
    "CATEGORY" : 14,
    "CATEGORY TALK" : 15,
    "FILE" : 6,
    "FILE TALK" : 7,
    "GADGET" : 2300,
    "GADGET DEFINITION" : 2302,
    "GADGET DEFINITION TALK" : 2303,
    "GADGET TALK" : 2301,
    "HELP" : 12,
    "HELP TALK" : 13,
    "IMAGE" : 6,
    "IMAGE TALK" : 7,
    "IMAGEN" : 6,
    "IMAGEN DISCUSIÓN" : 7,
    "MBA'ECHĨCHĨ" : -1,
    "MEDIA" : -2,
    "MEDIAWIKI" : 8,
    "MEDIAWIKI MYANGEKÕI" : 9,
    "MEDIAWIKI TALK" : 9,
    "MEDIO" : -2,
    "MODULE" : 828,
    "MODULE TALK" : 829,
    "MÓDULO" : 828,
    "MÓDULO DISCUSIÓN" : 829,
    "MYANGEKÕI" : 1,
    "ÑEMOHENDA" : 14,
    "ÑEMOHENDA MYANGEKÕI" : 15,
    "PROJECT" : 4,
    "PROJECT TALK" : 5,
    "PURUHÁRA" : 2,
    "PURUHÁRA MYANGEKÕI" : 3,
    "PYTYVÕ" : 12,
    "PYTYVÕ MYANGEKÕI" : 13,
    "SPECIAL" : -1,
    "TA'ÃNGA" : 6,
    "TA'ÃNGA MYANGEKÕI" : 7,
    "TALK" : 1,
    "TEMBIECHARÃ" : 10,
    "TEMBIECHARÃ MYANGEKÕI" : 11,
    "TEMPLATE" : 10,
    "TEMPLATE TALK" : 11,
    "USER" : 2,
    "USER TALK" : 3,
    "VIKIPETÃ" : 4,
    "VIKIPETÃ MYANGEKÕI" : 5,
    "WIKIPEDIA" : 4,
    "WIKIPEDIA TALK" : 5
  }
}