{
  "mainpage" : "HAAPTSÄIT",
  "namespace" : {
    "" : 0,
    "BENOTZER" : 2,
    "BENOTZER DISKUSSIOUN" : 3,
    "BILD" : 6,
    "BILD DISKUSSION" : 7,
    "BILD DISKUSSIOUN" : 7,
    "CATEGORY" : 14,
    "CATEGORY TALK" : 15,
    "DISKUSSIOUN" : 1,
    "FICHIER" : 6,
    "FICHIER DISKUSSIOUN" : 7,
    "FILE" : 6,
    "FILE TALK" : 7,
    "GADGET" : 2300,
    "GADGET DEFINITION" : 2302,
    "GADGET DEFINITION TALK" : 2303,
    "GADGET DISKUSSION" : 2301,
    "GADGET TALK" : 2301,
    "GADGET-DEFINITION" : 2302,
    "GADGET-DEFINITION DISKUSSION" : 2303,
    "HËLLEF" : 12,
    "HËLLEF DISKUSSIOUN" : 13,
    "HELP" : 12,
    "HELP TALK" : 13,
    "IMAGE" : 6,
    "IMAGE TALK" : 7,
    "KATEGORIE" : 14,
    "KATEGORIE DISKUSSIOUN" : 15,
    "MEDIA" : -2,
    "MEDIAWIKI" : 8,
    "MEDIAWIKI DISKUSSIOUN" : 9,
    "MEDIAWIKI TALK" : 9,
    "MODUL" : 828,
    "MODUL DISKUSSIOUN" : 829,
    "MODULE" : 828,
    "MODULE TALK" : 829,
    "PROJECT" : 4,
    "PROJECT TALK" : 5,
    "SCHABLOUN" : 10,
    "SCHABLOUN DISKUSSIOUN" : 11,
    "SPECIAL" : -1,
    "SPEZIAL" : -1,
    "TALK" : 1,
    "TEMPLATE" : 10,
    "TEMPLATE TALK" : 11,
    "USER" : 2,
    "USER TALK" : 3,
    "WIKIPEDIA" : 4,
    "WIKIPEDIA DISKUSSIOUN" : 5,
    "WIKIPEDIA TALK" : 5
  }
}