{
  "mainpage" : "PAJE XEF",
  "namespace" : {
    "" : 0,
    "AIDA" : 12,
    "AIDA DISCUTE" : 13,
    "CATEGORIA" : 14,
    "CATEGORIA DISCUTE" : 15,
    "CATEGORY" : 14,
    "CATEGORY TALK" : 15,
    "DEFINI DE MACINETA" : 2302,
    "DEFINI DE MACINETA DISCUTE" : 2303,
    "DISCUTE" : 1,
    "FILE" : 6,
    "FILE TALK" : 7,
    "FIX" : 6,
    "FIX DISCUTE" : 7,
    "GADGET" : 2300,
    "GADGET DEFINITION" : 2302,
    "GADGET DEFINITION TALK" : 2303,
    "GADGET TALK" : 2301,
    "HELP" : 12,
    "HELP TALK" : 13,
    "IMAGE" : 6,
    "IMAGE TALK" : 7,
    "MACINETA" : 2300,
    "MACINETA DISCUTE" : 2301,
    "MEDIA" : -2,
    "MEDIAWIKI" : 8,
    "MEDIAWIKI TALK" : 9,
    "MODEL" : 10,
    "MODEL DISCUTE" : 11,
    "MODULE" : 828,
    "MODULE TALK" : 829,
    "MODULO" : 828,
    "MODULO DISCUTE" : 829,
    "PROJECT" : 4,
    "PROJECT TALK" : 5,
    "SPECIAL" : -1,
    "SPESIAL" : -1,
    "TALK" : 1,
    "TEMPLATE" : 10,
    "TEMPLATE TALK" : 11,
    "USER" : 2,
    "USER TALK" : 3,
    "USOR" : 2,
    "USOR DISCUTE" : 3,
    "VICIPEDIA" : 4,
    "VICIPEDIA DISCUTE" : 5,
    "WIKIPEDIA" : 4,
    "WIKIPEDIA TALK" : 5
  }
}