{
  "mainpage" : "KACA UTAMA",
  "namespace" : {
    "" : 0,
    "ASTAMIWA" : -1,
    "BANTUAN PEMBICARAAN" : 13,
    "BARKAS" : 6,
    "BICARA" : 1,
    "BICARA PENGGUNA" : 3,
    "CATEGORY" : 14,
    "CATEGORY TALK" : 15,
    "CITHAKAN" : 10,
    "CITHAKAN DHISKUSI" : 11,
    "DHISKUSI" : 1,
    "DHISKUSI CITHAKAN" : 11,
    "DHISKUSI GAMBAR" : 7,
    "DHISKUSI KATEGORI" : 15,
    "DHISKUSI MEDIAWIKI" : 9,
    "DHISKUSI PANGANGGO" : 3,
    "DHISKUSI PITULUNG" : 13,
    "DHISKUSI WIKIPEDIA" : 5,
    "FILE" : 6,
    "FILE TALK" : 7,
    "GADGET" : 2300,
    "GADGET DEFINITION" : 2302,
    "GADGET DEFINITION TALK" : 2303,
    "GADGET TALK" : 2301,
    "GAMBAR" : 6,
    "GAMBAR DHISKUSI" : 7,
    "GAMBAR PEMBICARAAN" : 7,
    "HELP" : 12,
    "HELP TALK" : 13,
    "IMAGE" : 6,
    "IMAGE TALK" : 7,
    "KATEGORI" : 14,
    "KATEGORI DHISKUSI" : 15,
    "KATEGORI PEMBICARAAN" : 15,
    "MEDHIA" : -2,
    "MÉDHIA" : -2,
    "MEDHIAWIKI" : 8,
    "MÉDHIAWIKI" : 8,
    "MEDIA" : -2,
    "MEDIAWIKI" : 8,
    "MEDIAWIKI DHISKUSI" : 9,
    "MEDIAWIKI PEMBICARAAN" : 9,
    "MEDIAWIKI TALK" : 9,
    "MIRUNGGAN" : -1,
    "MODHUL" : 828,
    "MODULE" : 828,
    "MODULE TALK" : 829,
    "NARAGUNA" : 2,
    "PANGANGGO" : 2,
    "PAREMBUGAN" : 1,
    "PAREMBUGAN BARKAS" : 7,
    "PAREMBUGAN CITHAKAN" : 11,
    "PAREMBUGAN GAMBAR" : 7,
    "PAREMBUGAN KATEGORI" : 15,
    "PAREMBUGAN MEDHIAWIKI" : 9,
    "PAREMBUGAN MÉDHIAWIKI" : 9,
    "PAREMBUGAN MEDIAWIKI" : 9,
    "PAREMBUGAN MODHUL" : 829,
    "PAREMBUGAN NARAGUNA" : 3,
    "PAREMBUGAN PANGANGGO" : 3,
    "PAREMBUGAN PITULUNG" : 13,
    "PAREMBUGAN WIKIPEDIA" : 5,
    "PEMBICARAAN GAMBAR" : 7,
    "PITULUNG" : 12,
    "PITULUNG DHISKUSI" : 13,
    "PROJECT" : 4,
    "PROJECT TALK" : 5,
    "SPECIAL" : -1,
    "TALK" : 1,
    "TEMPLAT PEMBICARAAN" : 11,
    "TEMPLATE" : 10,
    "TEMPLATE TALK" : 11,
    "USER" : 2,
    "USER TALK" : 3,
    "WIKIPEDIA" : 4,
    "WIKIPEDIA TALK" : 5
  }
}