{
  "mainpage" : "PAGENE PRENGEPÁLE",
  "namespace" : {
    "" : 0,
    "'NGAZZAMINDE D'U PORTALE" : 101,
    "ACCESSORIO" : 2300,
    "AIUTO" : 12,
    "CATEGORIA" : 14,
    "CATEGORY" : 14,
    "CATEGORY TALK" : 15,
    "DEFINIZIONE ACCESSORIO" : 2302,
    "DISCUSSIONE" : 1,
    "DISCUSSIONI ACCESSORIO" : 2301,
    "DISCUSSIONI AIUTO" : 13,
    "DISCUSSIONI CATEGORIA" : 15,
    "DISCUSSIONI DEFINIZIONE ACCESSORIO" : 2303,
    "DISCUSSIONI FILE" : 7,
    "DISCUSSIONI IMMAGINE" : 7,
    "DISCUSSIONI MEDIAWIKI" : 9,
    "DISCUSSIONI MODULO" : 829,
    "DISCUSSIONI TEMPLATE" : 11,
    "DISCUSSIONI UTENTE" : 3,
    "DISCUSSIONI WIKIPEDIA" : 5,
    "FILE" : 6,
    "FILE TALK" : 7,
    "GADGET" : 2300,
    "GADGET DEFINITION" : 2302,
    "GADGET DEFINITION TALK" : 2303,
    "GADGET TALK" : 2301,
    "HELP" : 12,
    "HELP TALK" : 13,
    "IMAGE" : 6,
    "IMAGE TALK" : 7,
    "IMMAGINE" : 6,
    "MEDIA" : -2,
    "MEDIAWIKI" : 8,
    "MEDIAWIKI TALK" : 9,
    "MODULE" : 828,
    "MODULE TALK" : 829,
    "MODULO" : 828,
    "PORTALE" : 100,
    "PROJECT" : 4,
    "PROJECT TALK" : 5,
    "SPECIAL" : -1,
    "SPECIALE" : -1,
    "TALK" : 1,
    "TEMPLATE" : 10,
    "TEMPLATE TALK" : 11,
    "USER" : 2,
    "USER TALK" : 3,
    "UTENTE" : 2,
    "WIKIPEDIA" : 4,
    "WIKIPEDIA TALK" : 5
  }
}