{
  "mainpage" : "PÀGINA PRINTZIPALE",
  "namespace" : {
    "" : 0,
    "AGIUDU" : 12,
    "CATEGORIA" : 14,
    "CATEGORY" : 14,
    "CATEGORY TALK" : 15,
    "CONTIÈNDHA" : 1,
    "CUNTIERRA" : 1,
    "CUNTIERRA AGIUDU" : 13,
    "CUNTIERRA CATEGORIA" : 15,
    "CUNTIERRA FILE" : 7,
    "CUNTIERRA MEDIAWIKI" : 9,
    "CUNTIERRA TEMPLATE" : 11,
    "CUNTIERRA USUÀRIU" : 3,
    "CUNTIERRA WIKIPEDIA" : 5,
    "FILE" : 6,
    "FILE TALK" : 7,
    "GADGET" : 2300,
    "GADGET DEFINITION" : 2302,
    "GADGET DEFINITION TALK" : 2303,
    "GADGET TALK" : 2301,
    "HELP" : 12,
    "HELP TALK" : 13,
    "IMAGE" : 6,
    "IMAGE TALK" : 7,
    "IMMÀGINI" : 6,
    "IMMÀGINI CONTIÈNDHA" : 7,
    "ISPETZIALE" : -1,
    "MEDIA" : -2,
    "MEDIAWIKI" : 8,
    "MEDIAWIKI TALK" : 9,
    "MODULE" : 828,
    "MODULE TALK" : 829,
    "PROJECT" : 4,
    "PROJECT TALK" : 5,
    "SPECIAL" : -1,
    "SPECIALE" : -1,
    "TALK" : 1,
    "TEMPLATE" : 10,
    "TEMPLATE TALK" : 11,
    "USER" : 2,
    "USER TALK" : 3,
    "USUÀRIU" : 2,
    "UTENTE" : 2,
    "UTENTE DISCUSSIONI" : 3,
    "WIKIPEDIA" : 4,
    "WIKIPEDIA DISCUSSIONI" : 5,
    "WIKIPEDIA TALK" : 5
  }
}