{
  "mainpage" : "UNANG PAHINA",
  "namespace" : {
    "" : 0,
    "CATEGORY" : 14,
    "CATEGORY TALK" : 15,
    "FILE" : 6,
    "FILE TALK" : 7,
    "GADGET" : 2300,
    "GADGET DEFINITION" : 2302,
    "GADGET DEFINITION TALK" : 2303,
    "GADGET TALK" : 2301,
    "HELP" : 12,
    "HELP TALK" : 13,
    "IMAGE" : 6,
    "IMAGE TALK" : 7,
    "KATEGORYA" : 14,
    "KAURIAN" : 14,
    "MEDIA" : -2,
    "MEDIAWIKI" : 8,
    "MEDIAWIKI TALK" : 9,
    "MIDYA" : -2,
    "MODULE" : 828,
    "MODULE TALK" : 829,
    "NATATANGI" : -1,
    "PADRON" : 10,
    "PORTADA" : 100,
    "PROJECT" : 4,
    "PROJECT TALK" : 5,
    "SPECIAL" : -1,
    "SULERAS" : 10,
    "TAGAGAMIT" : 2,
    "TALAKSAN" : 6,
    "TALK" : 1,
    "TEMPLATE" : 10,
    "TEMPLATE TALK" : 11,
    "TULONG" : 12,
    "USAPAN" : 1,
    "USAPANG KATEGORYA" : 15,
    "USAPANG KAURIAN" : 15,
    "USAPANG MEDIAWIKI" : 9,
    "USAPANG PADRON" : 11,
    "USAPANG PORTADA" : 101,
    "USAPANG SULERAS" : 11,
    "USAPANG TAGAGAMIT" : 3,
    "USAPANG TALAKSAN" : 7,
    "USAPANG TULONG" : 13,
    "USAPANG WIKIPEDIA" : 5,
    "USER" : 2,
    "USER TALK" : 3,
    "WIKIPEDIA" : 4,
    "WIKIPEDIA TALK" : 5
  }
}