{
  "mainpage" : "הויפט זייט",
  "namespace" : {
    "" : 0,
    "CATEGORY" : 14,
    "CATEGORY TALK" : 15,
    "FILE" : 6,
    "FILE TALK" : 7,
    "GADGET" : 2300,
    "GADGET DEFINITION" : 2302,
    "GADGET DEFINITION TALK" : 2303,
    "GADGET TALK" : 2301,
    "HELP" : 12,
    "HELP TALK" : 13,
    "IMAGE" : 6,
    "IMAGE TALK" : 7,
    "MEDIA" : -2,
    "MEDIAWIKI" : 8,
    "MEDIAWIKI TALK" : 9,
    "MODULE" : 828,
    "MODULE TALK" : 829,
    "PROJECT" : 4,
    "PROJECT TALK" : 5,
    "SPECIAL" : -1,
    "TALK" : 1,
    "TEMPLATE" : 10,
    "TEMPLATE TALK" : 11,
    "USER" : 2,
    "USER TALK" : 3,
    "WIKIPEDIA" : 4,
    "WIKIPEDIA TALK" : 5,
    "באזונדער" : -1,
    "באַזונדער" : -1,
    "באנוצער" : 2,
    "באנוצער רעדן" : 3,
    "באניצער" : 2,
    "באַניצער" : 2,
    "באניצער רעדן" : 3,
    "באַניצער רעדן" : 3,
    "באַניצערין" : 2,
    "באַניצערין רעדן" : 3,
    "בילד" : 6,
    "בילד רעדן" : 7,
    "גאדג'ט" : 2300,
    "הגדרת גאדג'ט" : 2302,
    "הילף" : 12,
    "הילף רעדן" : 13,
    "וויקיפעדיע" : 4,
    "װיקיפּעדיע" : 4,
    "וויקיפעדיע רעדן" : 5,
    "װיקיפּעדיע רעדן" : 5,
    "טעקע" : 6,
    "טעקע רעדן" : 7,
    "יחידה" : 828,
    "מוסטער" : 10,
    "מוסטער רעדן" : 11,
    "מעדיע" : -2,
    "מעדיעוויקי" : 8,
    "מעדיעװיקי" : 8,
    "מעדיעוויקי רעדן" : 9,
    "מעדיעװיקי רעדן" : 9,
    "משתמש" : 2,
    "משתמשת" : 2,
    "פארטאל" : 100,
    "פארטאל רעדן" : 101,
    "קאטעגאריע" : 14,
    "קאַטעגאָריע" : 14,
    "קאטעגאריע רעדן" : 15,
    "קאַטעגאָריע רעדן" : 15,
    "רעדן" : 1,
    "שיחת גאדג'ט" : 2301,
    "שיחת הגדרת גאדג'ט" : 2303,
    "שיחת יחידה" : 829,
    "שיחת משתמש" : 3,
    "שיחת משתמשת" : 3,
    "שיחת תמונה" : 7,
    "תמונה" : 6
  }
}