{
  "mainpage" : "THÂU-IA̍H",
  "namespace" : {
    "" : 0,
    "CATEGORY" : 14,
    "CATEGORY TALK" : 15,
    "FILE" : 6,
    "FILE TALK" : 7,
    "GADGET" : 2300,
    "GADGET DEFINITION" : 2302,
    "GADGET DEFINITION TALK" : 2303,
    "GADGET TALK" : 2301,
    "HELP" : 12,
    "HELP TALK" : 13,
    "IMAGE" : 6,
    "IMAGE TALK" : 7,
    "IŌNG-CHIÁ" : 2,
    "IŌNG-CHIÁ THÓ-LŪN" : 3,
    "LŪI-PIA̍T" : 14,
    "LŪI-PIA̍T THÓ-LŪN" : 15,
    "MEDIA" : -2,
    "MEDIAWIKI" : 8,
    "MEDIAWIKI TALK" : 9,
    "MEDIAWIKI THÓ-LŪN" : 9,
    "MODULE" : 828,
    "MODULE TALK" : 829,
    "MÛI-THÉ" : -2,
    "PANG-BÔ͘" : 10,
    "PANG-BÔ͘ THÓ-LŪN" : 11,
    "PANG-CHĀN" : 12,
    "PANG-CHĀN THÓ-LŪN" : 13,
    "PORTAL" : 100,
    "PORTAL TALK" : 101,
    "PROJECT" : 4,
    "PROJECT TALK" : 5,
    "SPECIAL" : -1,
    "TALK" : 1,
    "TEK-PIA̍T" : -1,
    "TEMPLATE" : 10,
    "TEMPLATE TALK" : 11,
    "THÓ-LŪN" : 1,
    "TÓNG-ÀN" : 6,
    "TÓNG-ÀN THÓ-LŪN" : 7,
    "USER" : 2,
    "USER TALK" : 3,
    "WIKIPEDIA" : 4,
    "WIKIPEDIA TALK" : 5,
    "WIKIPEDIA THÓ-LŪN" : 5,
    "WIKIPEDIA討論" : 5,
    "分類" : 14,
    "分類對話" : 15,
    "分類討論" : 15,
    "圖像" : 6,
    "圖像對話" : 7,
    "圖像討論" : 7,
    "媒體" : -2,
    "媒體維基" : 8,
    "媒體維基討論" : 9,
    "對話" : 1,
    "幫助" : 12,
    "幫助對話" : 13,
    "幫助討論" : 13,
    "文件" : 6,
    "文件對話" : 7,
    "文件討論" : 7,
    "模板" : 10,
    "模板對話" : 11,
    "模板討論" : 11,
    "模組" : 828,
    "模組討論" : 829,
    "樣板" : 10,
    "樣板對話" : 11,
    "樣板討論" : 11,
    "檔案" : 6,
    "檔案對話" : 7,
    "檔案討論" : 7,
    "特殊" : -1,
    "用戶" : 2,
    "用戶對話" : 3,
    "用戶討論" : 3,
    "討論" : 1
  }
}